Name_Num,AFFGEOID,GEOID,NAME,Municipality,Pittsburgh Neighborhood,Total Pop 2014-2018,White Pop Rate 2014-2018,Black Pop Rate 2014-2018,Asian Pop Rate 2014-2018,His or Lat Pop Rate 2014-2018,Family Poverty Rate 2014-2018,Rate of Single Mothers 2014-2018,Rate of those 25 and up without at least Bachelor's 2014-2018,Male unemployment/unattachment rate,Average 911 Dispatches for Shots Fired per 500,Median Home Value 2014-2018,Median Gross Rent 2014-2018,CNI Z-Score,Level of Need
1005,1400000US42003100500,42003100500,1005,City of Pittsburgh,Stanton Heights,1871,28.75467664,68.51950828,1.549973276,0.481026189,8,11.28318584,61.6,20.96153846,2.030999466,105000,936,-0.122055735,Low Need
1011,1400000US42003101100,42003101100,1011,City of Pittsburgh,Upper Lawrenceville ,2705,79.66728281,15.93345656,0.665434381,1.700554529,6.4,19.71252567,53.9,13.0479103,1.959334566,118100,945,-0.234990996,Low Need
1014,1400000US42003101400,42003101400,1014,City of Pittsburgh,Morningside,3139,84.86779229,8.537750876,0.987575661,5.22459382,2.4,7.515923567,52.6,17.67109295,1.592863969,142900,933,-0.42814776,Low Need
1016,1400000US42003101600,42003101600,1016,City of Pittsburgh,Garfield,1159,6.125970664,88.95599655,0,1.380500431,42.8,52.10843373,81.8,35.8974359,7.333908542,90400,836,1.69824245,Extreme Need
1017,1400000US42003101700,42003101700,1017,City of Pittsburgh,Garfield,1486,35.32974428,54.44145357,3.97039031,1.480484522,22.5,17.78656126,73.2,25.33039648,7.402422611,62000,932,0.628696428,High Need
1018,1400000US42003101800,42003101800,1018,City of Pittsburgh,Stanton Heights,2479,77.89431222,17.30536507,0.524405002,1.048810004,4.9,2.290076336,52.1,15.59748428,1.331181928,143600,992,-0.511885143,Low Need
103,1400000US42003010300,42003010300,103,City of Pittsburgh,Bluff,6668,60.93281344,27.4895021,3.464307139,3.599280144,45.8,34.64052288,87.2,93.07450157,2.234553089,152500,1045,2.24547343,Extreme Need
1102,1400000US42003110200,42003110200,1102,City of Pittsburgh,Highland Park,4066,70.80668962,18.91293655,3.172651254,3.19724545,4,0,39.6,27.85904255,1.7461879,306200,1057,-0.467836433,Low Need
1106,1400000US42003110600,42003110600,1106,City of Pittsburgh,Highland Park,2460,79.3902439,11.42276423,2.56097561,4.06504065,11.8,4.480286738,35.1,16.18798956,4.634146341,293700,887,-0.382258766,Low Need
1113,1400000US42003111300,42003111300,1113,City of Pittsburgh,East Liberty,3052,42.98820446,40.66186107,4.030144168,4.456094364,11.2,26.57232704,51.1,19.51710262,5.439056356,226100,787,0.170553467,Moderate Need
1114,1400000US42003111400,42003111400,1114,City of Pittsburgh,Garfield ,1382,26.70043415,59.84081042,2.315484805,2.098408104,30.3,24.73867596,64.3,23.22580645,8.538350217,87900,828,0.781940365,High Need
1115,1400000US42003111500,42003111500,1115,City of Pittsburgh,East Liberty,3007,26.7043565,55.60359162,14.23345527,1.130695045,17.8,37.62376238,52.1,29.93710692,4.888593282,103300,888,0.587806067,High Need
1203,1400000US42003120300,42003120300,1203,City of Pittsburgh,Lincoln-Lemington-Belmar,2139,10.28517999,66.47966339,0,17.85881253,25.3,44.22222222,80.5,29.58333333,13.60448808,53800,850,1.46563725,Extreme Need
1204,1400000US42003120400,42003120400,1204,City of Pittsburgh,Larimer,753,3.718459495,81.67330677,7.569721116,0,50.9,42.6035503,97.5,50.95238095,17.92828685,35800,720,2.561274874,Extreme Need
1207,1400000US42003120700,42003120700,1207,City of Pittsburgh,Homewood West,878,1.708428246,92.71070615,3.075170843,0.113895216,38.6,42.42424242,93,30.3030303,21.29840547,53700,508,2.131920754,Extreme Need
1208,1400000US42003120800,42003120800,1208,City of Pittsburgh,Larimer,773,17.20569211,82.53557568,0,0,38.1,48.29931973,93.7,70.07874016,24.19146184,42800,696,2.9818523,Extreme Need
1301,1400000US42003130100,42003130100,1301,City of Pittsburgh,Homewood North,1626,0.98400984,93.11193112,0,0.36900369,64.8,34.65909091,90.8,66.875,25.95325953,38500,436,3.21800033,Extreme Need
1302,1400000US42003130200,42003130200,1302,City of Pittsburgh,Homewood North,1492,4.825737265,92.2922252,0,1.407506702,35.4,29.42857143,83.4,46.03580563,18.56568365,46700,825,1.931701595,Extreme Need
1303,1400000US42003130300,42003130300,1303,City of Pittsburgh,Homewood South,1150,2.52173913,94.08695652,0.52173913,1.565217391,38.9,31.22171946,82.6,40.31007752,30.60869565,66800,334,2.446963061,Extreme Need
1304,1400000US42003130400,42003130400,1304,City of Pittsburgh,Homewood South,985,5.989847716,80.81218274,2.131979695,0,43.5,42.99065421,88,25.31120332,39.08629442,56600,597,2.87673116,Extreme Need
1306,1400000US42003130600,42003130600,1306,City of Pittsburgh,East Hills,2761,11.62622238,85.25896414,0,0,35.8,48.52652259,84.6,46.53312789,14.16153568,60200,568,2.034891042,Extreme Need
1401,1400000US42003140100,42003140100,1401,City of Pittsburgh,Squirrel Hill North,5452,61.46368305,4.493763756,25.60528247,5.02567865,0,1.388888889,15.2,6.502636204,0.146735143,608900,1995,-1.16958034,Very low Need
1402,1400000US42003140200,42003140200,1402,City of Pittsburgh,Squirrel Hill North,2482,73.69057212,1.369863014,13.8195004,4.593070105,9.3,0,19.8,23.30677291,0.201450443,476200,1115,-0.720373521,Very low Need
1403,1400000US42003140300,42003140300,1403,City of Pittsburgh,Squirrel Hill North,3571,77.73732848,4.004480538,12.04144497,2.77233268,2.6,1.046511628,15.3,10.82862524,0.280033604,426900,1433,-1.055889966,Very low Need
1404,1400000US42003140400,42003140400,1404,City of Pittsburgh,Point Breeze,2321,81.64584231,1.594140457,8.961654459,3.015941405,2.9,5.295007564,8.6,10.72507553,0.560103404,421900,1375,-1.046462001,Very low Need
1405,1400000US42003140500,42003140500,1405,City of Pittsburgh,Point Breeze North,1814,54.02425579,36.32855568,1.819184123,5.016538037,18,5.275779376,39.4,15.69506726,4.575523705,205600,1247,-0.23826265,Low Need
1406,1400000US42003140600,42003140600,1406,City of Pittsburgh,Point Breeze,3158,85.37048765,8.518049398,2.628245725,1.804939835,4.8,8.9569161,18.3,12.19768665,0.728309056,310200,1061,-0.836024896,Very low Need
1408,1400000US42003140800,42003140800,1408,City of Pittsburgh,Squirrel Hill South,4544,79.81954225,0.990316901,14.32658451,3.257042254,0,0.922131148,17.3,23.43124166,0.506161972,342200,968,-0.867291049,Very low Need
1410,1400000US42003141000,42003141000,1410,City of Pittsburgh,Regent Square ,916,94.75982533,0.873362445,0.655021834,2.620087336,0,5.416666667,21.4,10.9929078,0.76419214,319200,871,-0.951119958,Very low Need
1411,1400000US42003141100,42003141100,1411,City of Pittsburgh,Swisshelm Park,1309,86.01986249,6.493506494,2.750190985,1.680672269,0,4.956268222,48.9,14.4373673,0.840336134,147800,768,-0.625526677,Very low Need
1413,1400000US42003141300,42003141300,1413,City of Pittsburgh,Squirrel Hill South,5232,64.64067278,1.873088685,27.73318043,2.599388379,1.2,1.918465228,29.5,18.79699248,0.133792049,256300,1008,-0.803365496,Very low Need
1414,1400000US42003141400,42003141400,1414,City of Pittsburgh,Squirrel Hill South,5307,77.72752968,9.006971924,9.534576974,2.732240437,3.1,3.109243697,28.4,16.2601626,0.697192387,286600,987,-0.782422175,Very low Need
1516,1400000US42003151600,42003151600,1516,City of Pittsburgh,Greenfield,2615,90.89866157,2.370936902,2.06500956,2.332695985,0.8,5.623100304,52.7,16.51053864,1.147227533,121200,1133,-0.518387558,Low Need
1517,1400000US42003151700,42003151700,1517,City of Pittsburgh,Greenfield,5521,83.02843688,3.85799674,2.735011773,6.122079333,6.6,4.249485949,43.7,15.59272012,0.815069734,150300,1050,-0.562897393,Very low Need
1608,1400000US42003160800,42003160800,1608,City of Pittsburgh,South Side Slopes,2699,80.43719896,12.85661356,1.074472027,3.18636532,11.5,18.12865497,59,20.44482464,3.149314561,86300,973,0.047386533,Moderate Need
1609,1400000US42003160900,42003160900,1609,City of Pittsburgh,South Side Flats,3067,87.38180633,5.868927291,2.804043039,1.695467884,5.8,12.18274112,36.4,15.02439024,1.662862732,275300,1284,-0.507173623,Low Need
1702,1400000US42003170200,42003170200,1702,City of Pittsburgh,South Side Flats,3340,90.11976048,2.844311377,1.107784431,2.275449102,4.5,0,41.8,9.570661896,2.934131737,220600,1107,-0.679286438,Very low Need
1706,1400000US42003170600,42003170600,1706,City of Pittsburgh,South Side Slopes,1744,77.52293578,7.396788991,1.146788991,10.95183486,3.6,5.629139073,57.7,18.3411215,3.899082569,114100,1263,-0.27199888,Low Need
1803,1400000US42003180300,42003180300,1803,City of Pittsburgh,Allentown,2372,41.86340641,48.52445194,1.854974705,0.21079258,23.7,51.74216028,87.5,27.93522267,8.937605396,33400,701,1.383239942,High Need
1807,1400000US42003180700,42003180700,1807,City of Pittsburgh,Mount Washington,2176,65.21139706,24.21875,0,7.996323529,13.4,11.67883212,73.9,15.41802389,3.308823529,79400,901,0.060785679,Moderate Need
1903,1400000US42003190300,42003190300,1903,City of Pittsburgh,Mount Washington,1756,92.65375854,1.423690205,0.569476082,1.765375854,1.6,23.36956522,38.7,5.271317829,0.797266515,141700,1060,-0.588292606,Very low Need
1911,1400000US42003191100,42003191100,1911,City of Pittsburgh,Duquesne Heights ,2586,93.65815932,2.165506574,2.242846094,0.618716164,9,8.955223881,59.3,15.73660714,1.121423047,140000,1062,-0.286097475,Low Need
1914,1400000US42003191400,42003191400,1914,City of Pittsburgh,Mount Washington,2615,86.8833652,9.101338432,0.650095602,0.382409178,20.1,29.5687885,59,14.16026345,2.256214149,97300,1061,0.208922354,Moderate Need
1915,1400000US42003191500,42003191500,1915,City of Pittsburgh,Mount Washington,1657,87.990344,3.922751961,4.767652384,0.724200362,3.8,13.86554622,63.9,26.75635277,2.715751358,95400,778,-0.007027917,Moderate Need
1916,1400000US42003191600,42003191600,1916,City of Pittsburgh,Beechview,4209,76.50273224,12.3544785,1.924447612,4.038964124,11.8,7.515151515,71.5,7.774798928,1.876930387,91100,884,-0.234486277,Low Need
1917,1400000US42003191700,42003191700,1917,City of Pittsburgh,Brookline,3530,86.26062323,7.535410765,1.104815864,2.606232295,6.7,6.802721088,65.6,25.90711176,1.388101983,106000,858,-0.116047443,Low Need
1918,1400000US42003191800,42003191800,1918,City of Pittsburgh,Brookline,5459,85.14379923,2.344751786,4.084997252,7.199120718,6.6,11.08013937,72.4,16.20145631,0.60450632,106100,787,-0.179916391,Low Need
1919,1400000US42003191900,42003191900,1919,City of Pittsburgh,Brookline,2058,81.14674441,7.677356657,5.150631681,1.700680272,3.8,13.29113924,67.7,17.1875,0.826044704,94900,796,-0.214891606,Low Need
1920,1400000US42003192000,42003192000,1920,City of Pittsburgh,Beechview,3667,81.23806927,12.81701663,0.790837197,0.190891737,5.8,13.95348837,70.9,19.7053407,1.445323152,82600,938,-0.073364694,Moderate Need
201,1400000US42003020100,42003020100,201,City of Pittsburgh,Central Business District,5101,77.02411292,7.077043717,8.900215644,4.48931582,11.3,3.755215577,26,15.40027137,1.235051951,339600,1531,-0.654259383,Very low Need
2022,1400000US42003202200,42003202200,2022,City of Pittsburgh,Sheraden,3088,52.4611399,34.61787565,6.832901554,1.03626943,26.7,32.52873563,73.8,30.75060533,5.505181347,59200,998,0.915612859,High Need
2023,1400000US42003202300,42003202300,2023,City of Pittsburgh,Banksville,3840,79.63541667,3.932291667,11.53645833,1.067708333,3.9,2.076124567,58.9,13.00330033,0.729166667,147000,913,-0.5318761,Very low Need
203,1400000US42003020300,42003020300,203,City of Pittsburgh,Strip District ,1020,87.25490196,2.058823529,5.882352941,3.333333333,2.6,2.564102564,13.9,6.526315789,4.509803922,381300,1819,-0.930163326,Very low Need
2107,1400000US42003210700,42003210700,2107,City of Pittsburgh,Manchester,1994,27.7331996,67.20160481,0.401203611,1.8555667,16.9,29.79683973,61.8,21.98473282,11.48445336,154800,692,0.722404484,High Need
2206,1400000US42003220600,42003220600,2206,City of Pittsburgh,Central Northside,1657,63.66928183,27.09716355,3.50030175,2.715751358,1.5,6.766917293,46.6,14.39060206,7.785153893,279500,809,-0.291691676,Low Need
2406,1400000US42003240600,42003240600,2406,City of Pittsburgh,Troy Hill,2136,84.082397,4.822097378,1.451310861,1.966292135,10.6,9.761388286,54.8,26.5944645,3.417602996,81300,896,-0.01726065,Moderate Need
2412,1400000US42003241200,42003241200,2412,City of Pittsburgh,Spring Garden ,776,84.66494845,8.37628866,0,5.154639175,8.3,5.524861878,84.7,14.17322835,4.12371134,44100,717,0.014032075,Moderate Need
2503,1400000US42003250300,42003250300,2503,City of Pittsburgh,Central Northside,1076,57.43494424,34.94423792,0.464684015,6.970260223,24.1,19.15708812,52.1,24.93946731,6.133828996,283800,1031,0.401910205,Moderate Need
2507,1400000US42003250700,42003250700,2507,City of Pittsburgh,California-Kirkbride ,608,24.01315789,66.11842105,2.960526316,2.960526316,38,50,82.8,33.9869281,7.730263158,55800,591,1.587250777,Extreme Need
2509,1400000US42003250900,42003250900,2509,City of Pittsburgh,Fineview ,1060,37.64150943,57.83018868,0.283018868,0,23.5,43.77224199,85.7,38.39779006,17.73584906,69700,477,1.806332698,Extreme Need
2602,1400000US42003260200,42003260200,2602,City of Pittsburgh,Perry North,1949,67.3165726,25.91072345,0,3.129810159,14.8,18.61575179,68.4,28.8184438,4.361210877,86100,798,0.38948842,Moderate Need
2607,1400000US42003260700,42003260700,2607,City of Pittsburgh,Perry North,1562,60.4993598,31.4340589,0,3.649167734,4.8,11.08545035,57.7,24.13162706,3.457106274,100800,934,-0.101401688,Low Need
2609,1400000US42003260900,42003260900,2609,City of Pittsburgh,Northview Heights ,1363,2.274394718,89.87527513,0,5.869405723,61.5,44.54022989,94.1,24.91582492,11.00513573,-,569,2.001765929,Extreme Need
2612,1400000US42003261200,42003261200,2612,City of Pittsburgh,Summer Hill,1052,88.97338403,9.69581749,0,0,0,12.98701299,65.5,12.7388535,1.711026616,110700,869,-0.335000392,Low Need
2614,1400000US42003261400,42003261400,2614,City of Pittsburgh,Perry South,2069,29.24117931,68.77718705,0.193330111,0.918318028,23.8,29.93197279,69.6,20.99853157,10.29482842,59400,747,0.845152354,High Need
2615,1400000US42003261500,42003261500,2615,City of Pittsburgh,Perry South,1661,32.32992173,61.89042745,0.361228176,3.311258278,25.6,27.6056338,70.4,27.00228833,10.65623119,75300,784,0.961681958,High Need
2620,1400000US42003262000,42003262000,2620,City of Pittsburgh,Spring Hill-City View,2539,63.37140607,24.2221347,2.638834187,0.827097282,37.4,34.3470483,84,13.23943662,5.238282788,72500,503,0.922920169,High Need
2701,1400000US42003270100,42003270100,2701,City of Pittsburgh,Brighton Heights ,2681,75.94181276,18.87355464,0.932487878,1.75307721,6.8,11.76470588,57.3,12.75071633,2.387168967,146400,1081,-0.293628187,Low Need
2703,1400000US42003270300,42003270300,2703,City of Pittsburgh,Brighton Heights ,2038,53.68007851,38.12561335,0,1.766437684,3.6,25.56561086,76.5,19.09090909,5.642787046,94100,649,0.287790074,Moderate Need
2704,1400000US42003270400,42003270400,2704,City of Pittsburgh,Marshall-Shadeland,1001,51.54845155,42.45754246,0,2.697302697,11.9,14.44444444,78.2,28.89518414,6.893106893,76200,738,0.493886968,Moderate Need
2708,1400000US42003270800,42003270800,2708,City of Pittsburgh,Brighton Heights ,2471,76.00161878,16.47106435,4.370700121,0.72845002,15.6,6.933744222,65.8,22.60183968,2.225819506,133900,908,0.01593883,Moderate Need
2715,1400000US42003271500,42003271500,2715,City of Pittsburgh,Marshall-Shadeland,3066,43.80300065,43.99869537,2.837573386,2.544031311,20.7,42.23227753,79.5,35.14774495,7.860404436,55300,833,1.188067698,High Need
2814,1400000US42003281400,42003281400,2814,City of Pittsburgh,Crafton Heights ,2636,48.40667678,38.77086495,3.717754173,2.238239757,41.2,41.07692308,75.3,21.75226586,5.728376328,93000,470,1.152285252,High Need
2815,1400000US42003281500,42003281500,2815,City of Pittsburgh,Crafton Heights ,1494,80.78982597,11.84738956,2.744310576,1.539491299,1.2,11.60714286,74.8,13.88286334,2.208835341,77700,749,-0.202307332,Low Need
2901,1400000US42003290100,42003290100,2901,City of Pittsburgh,Carrick,2129,72.8511038,18.78816346,4.133395961,0.375763269,9,27.38970588,83,30.79416532,4.180366369,69900,852,0.589262493,High Need
2902,1400000US42003290200,42003290200,2902,City of Pittsburgh,Carrick,4392,74.74954463,11.74863388,12.90983607,0,9.8,20.50251256,77.5,24.94244052,2.276867031,69700,765,0.271230335,Moderate Need
2904,1400000US42003290400,42003290400,2904,City of Pittsburgh,Carrick,4301,73.72704022,17.5773076,0.790513834,4.371076494,23.9,19.75425331,83,32.81365999,2.208788654,76700,743,0.667224802,High Need
3001,1400000US42003300100,42003300100,3001,City of Pittsburgh,Knoxville,3709,37.88083041,47.31733621,5.203558911,2.156915611,18.6,28.80371661,88.8,53.41880342,11.70126719,46400,826,1.519175314,Extreme Need
305,1400000US42003030500,42003030500,305,City of Pittsburgh,Crawford-Roberts,2249,9.604268564,76.25611383,1.378390396,6.313917297,32.6,48.25462012,80,61.63793103,5.291240551,136100,773,1.783655433,Extreme Need
3102,1400000US42003310200,42003310200,3102,City of Pittsburgh,Lincoln Place,3381,93.25643301,0,0,6.743566992,6.1,6.873614191,81.3,39.63133641,0.532386868,91400,830,0.214081806,Moderate Need
3103,1400000US42003310300,42003310300,3103,City of Pittsburgh,New Homestead,960,82.29166667,11.25,0,1.25,0,2.641509434,65.9,11.53846154,1.145833333,121300,925,-0.522529929,Low Need
3204,1400000US42003320400,42003320400,3204,City of Pittsburgh,Overbrook,2087,90.46478198,2.922855774,0,3.258265453,11.9,14.86988848,83.4,28.11501597,1.389554384,81600,908,0.295498625,Moderate Need
3206,1400000US42003320600,42003320600,3206,City of Pittsburgh,Brookline,2140,90.56074766,5.514018692,0.560747664,1.682242991,5.1,13.16270567,66.3,14.36699858,1.495327103,104200,1019,-0.225294598,Low Need
3207,1400000US42003320700,42003320700,3207,City of Pittsburgh,Overbrook,1629,92.32658072,3.130755064,0.368324125,1.411909147,10.3,3.201970443,79.1,23.80038388,1.289134438,93500,1174,-0.012986933,Moderate Need
4011,1400000US42003401100,42003401100,4011,Harrison Twp,N/A,4708,95.09345794,1.29566695,2.230246389,0,4.3,11.12676056,78.8,22.41515391,0.552251487,117400,711,-0.055309787,Moderate Need
4012,1400000US42003401200,42003401200,4012,Harrison Twp,N/A,2901,81.4546708,9.479489831,0.620475698,1.30989314,25.5,31.40939597,81.5,26.5,1.447776629,75100,590,0.708877539,High Need
4013,1400000US42003401300,42003401300,4013,Harrison Twp,N/A,2785,90.26929982,1.077199282,2.333931777,3.231597846,2.5,5.034324943,74.7,15.55834379,0.538599641,96500,791,-0.322748528,Low Need
402,1400000US42003040200,42003040200,402,City of Pittsburgh,Terrace Village/West Oakland ,1703,43.21785085,36.81738109,11.39166177,3.464474457,29.4,45.98930481,59.2,34.22222222,6.459189665,85400,808,1.103753327,High Need
4020,1400000US42003402000,42003402000,4020,Brackenridge ,N/A,3203,92.25725882,4.96409616,0.842959725,0.718076803,12.9,24.34017595,79.6,19.54887218,0.593193881,73700,724,0.235703652,Moderate Need
4035,1400000US42003403500,42003403500,4035,Tarentum ,N/A,4441,81.15289349,10.56068453,0,1.643773925,16.4,14.60134486,85.2,34.39787092,0.990767845,61400,619,0.465830247,Moderate Need
404,1400000US42003040400,42003040400,404,City of Pittsburgh,North Oakland,1978,59.75733064,10.92012133,25.78361982,1.820020222,9.6,0,20.7,30.92105263,0.101112235,134200,1079,-0.588599879,Very low Need
4040,1400000US42003404000,42003404000,4040,East Deer,N/A,1409,96.30943932,1.206529454,0,0.780695529,12.2,10.97922849,76.2,22.61904762,0.709723208,73300,791,0.054979296,Moderate Need
405,1400000US42003040500,42003040500,405,City of Pittsburgh,Central Oakland ,3377,88.27361564,1.71750074,5.952028428,2.428190702,32.4,0,63.6,28.34645669,0.384957062,125000,1102,0.178465548,Moderate Need
4050,1400000US42003405000,42003405000,4050,Frazer TWP,N/A,1070,98.69158879,0,0.934579439,0.373831776,4.9,1.623376623,81.7,6.116207951,1.682242991,130100,878,-0.363974381,Low Need
406,1400000US42003040600,42003040600,406,City of Pittsburgh,Central Oakland ,2121,80.71664309,6.270627063,5.893446488,3.300330033,12.9,7.142857143,62.3,22.51082251,0.565770863,115500,1118,-0.13456541,Low Need
4060,1400000US42003406000,42003406000,4060,Fawn TWP,N/A,2281,98.72862779,0,0,1.271372205,2,1.15942029,80.8,14.30615165,0.920648838,125700,671,-0.32855477,Low Need
4070.01,1400000US42003407001,42003407001,4070.01,West Deer Twp,N/A,5456,97.36070381,0.018328446,0.696480938,0.329912023,1.5,2.356902357,71.3,12.58566978,0.751466276,142500,775,-0.449212103,Low Need
4070.02,1400000US42003407002,42003407002,4070.02,West Deer Twp,N/A,6473,97.03383284,0.973273598,0,0.911478449,4.3,3.606027987,69.9,18.49135673,0.448014831,164100,760,-0.318487056,Low Need
4080.01,1400000US42003408001,42003408001,4080.01,Richland Twp,N/A,5467,95.4271081,0.07316627,2.835192976,1.66453265,4,2.845528455,48.9,14.10437236,0.98774465,249100,2398,-0.589581605,Very low Need
4080.02,1400000US42003408002,42003408002,4080.02,Richland Twp,N/A,6010,94.99168053,1.747088186,0,2.928452579,2.2,3.688760807,40.8,17.94721408,0.399334443,260200,-,-0.651542057,Very low Need
409,1400000US42003040900,42003040900,409,City of Pittsburgh,South Oakland ,3406,70.40516735,15.61949501,4.169113329,3.141514974,31.6,29.6875,61.8,36.39291465,1.350557839,114800,1083,0.74208683,High Need
4090,1400000US42003409000,42003409000,4090,Pine Township,N/A,12881,92.77230029,1.273193075,4.168930984,1.110162254,1.9,2.102676133,22.6,10.83925283,0.496855834,389400,1445,-0.969860842,Very low Need
4100,1400000US42003410000,42003410000,4100,Bradford Woods ,N/A,1201,94.00499584,0.333055787,3.413821815,1.831806828,0,5.337078652,33.9,19.94219653,0.333055787,334700,289,-0.703193909,Very low Need
4110,1400000US42003411000,42003411000,4110,Marshall,N/A,8634,83.00903405,2.154273801,12.28862636,1.20454019,1.5,1.482422702,28.2,13.45900921,0.347463516,339600,1594,-0.893989083,Very low Need
4120.01,1400000US42003412001,42003412001,4120.01,Franklin Park,N/A,9210,76.43865364,1.834961998,14.35396308,3.2247557,1.6,3.792714983,31.2,14.22035837,0.325732899,310100,1694,-0.818395822,Very low Need
4120.02,1400000US42003412002,42003412002,4120.02,Franklin Park,N/A,5238,90.54982818,0.15273005,8.075601375,0.477281405,1,2.043506922,29.6,11.8466899,0.286368843,354700,1188,-0.9088119,Very low Need
4131,1400000US42003413100,42003413100,4131,McCandless Twp,N/A,6695,79.04406273,1.179985063,12.23300971,3.375653473,5.6,4.715447154,33.6,8.302679979,0.328603435,316000,1041,-0.81160773,Very low Need
4132.01,1400000US42003413201,42003413201,4132.01,McCandless Twp,N/A,3631,91.29716332,1.266868631,3.607821537,2.148168549,1.5,7.344632768,43.7,14.52991453,0.440649959,201100,1211,-0.635144665,Very low Need
4132.02,1400000US42003413202,42003413202,4132.02,McCandless Twp,N/A,2742,93.47191831,0,3.318745441,2.151714077,1.2,10.33112583,49.4,9.078771696,0.474106492,238600,919,-0.626997194,Very low Need
4133,1400000US42003413300,42003413300,4133,McCandless Twp,N/A,4358,90.11014227,3.097751262,3.74024782,1.973382285,0.4,3.939647946,49,13.22580645,0.413033502,200100,747,-0.670906333,Very low Need
4134,1400000US42003413400,42003413400,4134,McCandless Twp,N/A,4528,89.37720848,0.50795053,6.868374558,3.246466431,2,7.061503417,44.1,15.43859649,0.309187279,260400,1547,-0.618306468,Very low Need
4135,1400000US42003413500,42003413500,4135,McCandless Twp,N/A,6628,83.43391672,5.763427882,7.61919131,1.478575739,2.1,4.06504065,38.9,12.48736097,0.347012674,225400,972,-0.756786263,Very low Need
4141.01,1400000US42003414101,42003414101,4141.01,Hampton Twp,N/A,5228,96.44223412,1.9510329,0.803366488,0.573833206,1,1.040312094,50.4,8.266666667,0.573833206,236900,841,-0.761123464,Very low Need
4141.02,1400000US42003414102,42003414102,4141.02,Hampton Twp,N/A,7430,90.1345895,1.588156124,6.393001346,0.592193809,1.8,6.653715396,46.1,10.36998437,0.605652759,237500,1302,-0.675825577,Very low Need
4142,1400000US42003414200,42003414200,4142,Hampton Twp,N/A,5707,93.41159979,2.120203259,0.876117049,2.961275626,4,4.629080119,50.1,11.7357695,0.473103207,221600,986,-0.613132116,Very low Need
4150.01,1400000US42003415001,42003415001,4150.01,Indiana Twp,N/A,4679,92.56251336,1.047232315,4.381278051,0.470185937,2.6,6.636500754,52.5,15.6779661,0.448813849,253600,907,-0.521092949,Low Need
4150.02,1400000US42003415002,42003415002,4150.02,Indiana Twp,N/A,2564,88.7675507,0.624024961,5.460218409,0.507020281,4.6,1.122019635,44,10.30769231,1.014040562,260200,1042,-0.712968748,Very low Need
4160,1400000US42003416000,42003416000,4160,Springdale Twp,N/A,1567,98.85130823,0,0.319081047,0.574345884,6.1,11.54791155,80.9,15.55023923,1.021059349,107900,700,-0.088887627,Low Need
4171,1400000US42003417100,42003417100,4171,Springdale Borough ,N/A,2063,94.71643238,0.19389239,0.387784779,2.229762482,6.9,5.862646566,72.9,15.87837838,0.339311682,107100,780,-0.261249643,Low Need
4172,1400000US42003417200,42003417200,4172,Springdale Borough ,N/A,1290,99.45736434,0.542635659,0,0,7.8,8.503401361,82.5,22.5388601,0.465116279,83800,580,-0.001013299,Moderate Need
4180,1400000US42003418000,42003418000,4180,Cheswick,N/A,1715,99.24198251,0.058309038,0.233236152,0.349854227,4.5,3.643724696,62.7,15.17671518,0.349854227,117900,917,-0.443922476,Low Need
4190,1400000US42003419000,42003419000,4190,Harmar Twp,N/A,3043,95.00492935,0.985869208,0.492934604,3.516266842,5.2,4.02075227,68.7,14.18020679,0.953006901,115300,741,-0.356889651,Low Need
4200,1400000US42003420000,42003420000,4200,Blawnox,N/A,1543,72.45625405,9.07323396,10.95268957,1.555411536,17.3,24.32432432,67,18.87254902,0.777705768,111800,724,0.178790376,Moderate Need
4211,1400000US42003421100,42003421100,4211,Ohara Twp,N/A,4599,83.64861927,1.391606871,10.78495325,1.804740161,1,2.55354201,37.5,16.10680448,0.41313329,248100,1477,-0.748918585,Very low Need
4212,1400000US42003421200,42003421200,4212,Ohara Twp,N/A,4169,89.92564164,0.551691053,6.308467258,2.134804509,3.1,10.01628664,42.3,12.51093613,0.599664188,231100,834,-0.610548733,Very low Need
4220,1400000US42003422000,42003422000,4220,Fox Chapel,N/A,5331,89.13899831,0,5.271056087,2.025886325,0.6,0,17.5,15.21394612,0.675295442,622600,-,-0.993316461,Very low Need
4230,1400000US42003423000,42003423000,4230,Aspinwall,N/A,2756,89.98548621,0,6.059506531,2.721335269,3.7,8.388814913,32.9,14.43708609,0.290275762,274000,1037,-0.700165794,Very low Need
4240,1400000US42003424000,42003424000,4240,Sharpsburg,N/A,3374,87.61114404,6.816834618,1.867219917,1.92649674,15.7,19.67403958,77.8,31.91489362,1.037344398,76500,762,0.415237809,Moderate Need
4250,1400000US42003425000,42003425000,4250,Etna,N/A,3388,90.49586777,0.85596222,4.6635183,2.479338843,5.3,12.35813367,76,25.11091393,0.796930342,87200,709,0.004740626,Moderate Need
4263,1400000US42003426300,42003426300,4263,Shaler Twp,N/A,6085,95.34921939,0.213640099,0.197206245,2.185702547,1.5,0.772626932,55.1,13.5678392,0.213640099,177200,1625,-0.640826194,Very low Need
4264,1400000US42003426400,42003426400,4264,Shaler Twp,N/A,4111,96.64315252,0.145949891,2.140598395,0,3.1,2.469135802,65.8,20.30456853,0.583799562,147300,767,-0.359706107,Low Need
4267,1400000US42003426700,42003426700,4267,Shaler Twp,N/A,2286,93.91951006,0.918635171,1.57480315,1.618547682,0,6.451612903,72.3,21.26760563,0.787401575,148000,861,-0.264152886,Low Need
4268,1400000US42003426800,42003426800,4268,Shaler Twp,N/A,5605,93.41659233,2.72970562,0.321141838,0,2.1,4.49910018,61.3,16.06914213,0.249776985,183400,-,-0.474636804,Low Need
4270,1400000US42003427000,42003427000,4270,Millvale,N/A,3636,89.52145215,7.948294829,0,0.357535754,14.4,22.77486911,85.4,18.78247958,1.182618262,72200,710,0.309165841,Moderate Need
4271,1400000US42003427100,42003427100,4271,Shaler Twp,N/A,5464,96.46778917,0.018301611,0,0.841874085,3.3,4.081632653,63.2,17.11656442,0.420937042,167000,-,-0.417831363,Low Need
4272,1400000US42003427200,42003427200,4272,Shaler Twp,N/A,4773,96.3963964,2.157971925,0,1.445631678,6.8,5.034324943,70.3,17.07317073,0.607584329,141700,998,-0.269421963,Low Need
4281,1400000US42003428100,42003428100,4281,Reserve Twp,N/A,1207,99.25434963,0,0,0.745650373,1,6.08974359,82.3,20.3125,0.828500414,101300,928,-0.167217068,Low Need
4282,1400000US42003428200,42003428200,4282,Reserve Twp,N/A,2065,98.4503632,1.549636804,0,0,0.7,6.545454545,73.2,10.29850746,1.307506053,135700,1048,-0.395847222,Low Need
4291,1400000US42003429100,42003429100,4291,Ross Twp,N/A,2661,88.98910184,3.194287862,6.388575723,1.277715145,2.2,10.24,57.4,18.36477987,0.563697858,158400,991,-0.37931098,Low Need
4292.01,1400000US42003429201,42003429201,4292.01,Ross Twp,N/A,4481,84.69091721,2.387859853,7.966971658,2.81187235,2.4,2.914238135,44,13.98373984,0.334746708,217900,1105,-0.694082994,Very low Need
4292.02,1400000US42003429202,42003429202,4292.02,Ross Twp,N/A,4437,92.69776876,1.081812035,2.411539328,1.690331305,2,2.618657938,45.4,3.141762452,0.405679513,204900,1231,-0.862005797,Very low Need
4293,1400000US42003429300,42003429300,4293,Ross Twp,N/A,5580,93.02867384,5.17921147,1.290322581,0.483870968,3.4,3.542780749,56.4,13.86449184,0.340501792,177100,806,-0.547322694,Very low Need
4294,1400000US42003429400,42003429400,4294,Ross Twp,N/A,4246,93.52331606,2.025435704,1.201130476,1.224682054,2.5,7.190635452,58.2,13.06818182,0.494583137,168800,826,-0.498089501,Low Need
4295,1400000US42003429500,42003429500,4295,Ross Twp,N/A,3887,80.65346025,5.814252637,9.390275277,1.903781837,0,6.601731602,49.1,16.18398637,0.591715976,154200,776,-0.583053013,Very low Need
4296,1400000US42003429600,42003429600,4296,Ross Twp,N/A,3160,93.70253165,4.082278481,0.886075949,0,0.6,2.631578947,48.3,15.12287335,1.139240506,141300,1112,-0.630595786,Very low Need
4297,1400000US42003429700,42003429700,4297,Ross Twp,N/A,2276,95.82601054,1.230228471,0.615114236,0.439367311,1.9,6.853582555,62.5,7.131782946,0.922671353,154600,1147,-0.546341099,Very low Need
4301,1400000US42003430100,42003430100,4301,West View ,N/A,2095,89.40334129,4.486873508,1.097852029,0.859188544,11.5,12.8540305,63.6,13.76146789,0.429594272,115200,904,-0.209747596,Low Need
4302,1400000US42003430200,42003430200,4302,West View ,N/A,4545,98.78987899,0.176017602,0,0.352035204,0.8,8.449477352,73.9,11.17021277,0.418041804,133300,755,-0.385533798,Low Need
4311,1400000US42003431100,42003431100,4311,Bellevue,N/A,3167,86.95926745,7.546574045,0.378907483,1.610356805,10.1,12.63888889,59.5,15.82167832,1.326176192,124900,753,-0.203447544,Low Need
4314,1400000US42003431400,42003431400,4314,Bellevue,N/A,1903,83.76248029,13.24224908,0.735680504,1.156069364,0.7,6.37254902,64.3,17.61904762,0.525486075,112400,735,-0.403718534,Low Need
4315,1400000US42003431500,42003431500,4315,Bellevue,N/A,3126,90.40307102,6.397952655,0,1.439539347,9.3,11.18881119,63.7,8.988764045,0.991682662,136600,736,-0.319934863,Low Need
4323,1400000US42003432300,42003432300,4323,Avalon,N/A,2105,78.90736342,11.68646081,0,1.235154394,7,29.60526316,75.5,8.139534884,0.380047506,113400,729,-0.018584974,Moderate Need
4324,1400000US42003432400,42003432400,4324,Avalon,N/A,2521,87.30662436,6.386354621,0,3.451011503,2.6,5.993150685,61.3,10.64073227,0.753669179,99800,778,-0.510243065,Low Need
4340,1400000US42003434000,42003434000,4340,Ben Avon,N/A,1865,93.94101877,2.037533512,0.536193029,0.589812332,1.6,4.8828125,37.2,13.95348837,0.321715818,215400,996,-0.747703265,Very low Need
4350,1400000US42003435000,42003435000,4350,Emsworth,N/A,2541,90.1613538,2.636757182,1.731601732,1.416765053,4.7,4.529616725,64.7,16.81318681,0.590318772,126400,819,-0.371243174,Low Need
4370,1400000US42003437000,42003437000,4370,Ohio Twp,N/A,6308,86.52504756,5.532656944,4.296131896,1.553582752,1.3,8.351893096,35.5,12.9088785,0.554850983,334800,1316,-0.726581931,Very low Need
4390,1400000US42003439000,42003439000,4390,Bell Acres,N/A,1434,93.37517434,2.440725244,1.185495119,0.209205021,3.7,0.742574257,43.9,14.24870466,0.627615063,297600,1075,-0.687690949,Very low Need
4455,1400000US42003445500,42003445500,4455,Sewickley ,N/A,3838,80.09379885,10.83897863,3.59562272,2.240750391,5.4,7.668711656,34.8,17.06586826,0.390828557,326000,867,-0.617268914,Very low Need
4460,1400000US42003446000,42003446000,4460,Edgeworth,N/A,1596,95.61403509,0.37593985,1.817042607,1.56641604,4.9,4.938271605,20.5,12.53333333,0,602000,1196,-0.896549089,Very low Need
4470,1400000US42003447000,42003447000,4470,Leet Twp,N/A,1593,92.84369115,2.322661645,2.573760201,0.941619586,2.2,7.359307359,47,6.928406467,0.251098556,215600,947,-0.721378376,Very low Need
4480,1400000US42003448000,42003448000,4480,Leetsdale ,N/A,1237,78.65804365,4.850444624,0.404203719,8.245755861,15,12.05211726,65.4,15,0.64672595,77700,812,-0.117036388,Low Need
4490,1400000US42003449000,42003449000,4490,Crescent ,N/A,2593,91.55418434,1.388353259,0.732741998,3.432317779,1.1,7.317073171,70.2,13.29639889,0,139500,804,-0.417892515,Low Need
4507,1400000US42003450700,42003450700,4507,Coraopolis ,N/A,2920,79.76027397,13.28767123,0.205479452,1.643835616,2.9,19.58333333,69.3,24.07407407,0.034246575,95900,688,-0.048380635,Moderate Need
4508,1400000US42003450800,42003450800,4508,Coraopolis ,N/A,2667,64.07949006,23.2095988,0.524934383,6.824146982,11.7,7.227138643,79.3,27.46566792,0.037495313,80100,686,0.072474957,Moderate Need
4511.01,1400000US42003451101,42003451101,4511.01,Moon Twp,N/A,3689,90.62076443,2.764976959,4.364326376,1.138519924,4.8,8.817635271,43.4,8.797127469,0.027107617,222900,950,-0.674170142,Very low Need
4511.02,1400000US42003451102,42003451102,4511.02,Moon Twp,N/A,5628,84.66595593,6.44989339,2.558635394,2.558635394,4.9,2.762923351,50.8,16.87454145,0.017768301,177100,930,-0.55568613,Very low Need
4511.04,1400000US42003451104,42003451104,4511.04,Moon Twp,N/A,3803,94.18879832,0.709965816,1.446226663,1.446226663,0,3.476669716,44,6.563354603,0,238400,1381,-0.859069916,Very low Need
4511.05,1400000US42003451105,42003451105,4511.05,Moon Twp,N/A,4870,77.10472279,4.928131417,12.58726899,0.698151951,4.5,0,49.9,9.953970081,0,161800,990,-0.72246542,Very low Need
4513,1400000US42003451300,42003451300,4513,Moon Twp,N/A,7474,86.99491571,5.231469093,4.201230934,0.428150923,2.1,1.848512173,47.6,10.47535211,0.013379716,264800,2049,-0.748940476,Very low Need
4520,1400000US42003452000,42003452000,4520,Findlay TWP,N/A,5619,92.95248265,2.100017797,1.566114967,1.352553835,4.2,7.745030843,60.6,17.36237145,0.071187044,216800,772,-0.388506461,Low Need
4530.03,1400000US42003453003,42003453003,4530.03,North Fayette ,N/A,1884,97.50530786,2.176220807,0,0,5,4.973357016,73,20.3960396,0,153600,1173,-0.246083003,Low Need
4530.04,1400000US42003453004,42003453004,4530.04,North Fayette ,N/A,6728,85.8353151,2.942925089,3.478002378,3.849583829,11.3,2.505694761,63.9,5.864060418,0.014863258,167500,1136,-0.502553012,Low Need
4550,1400000US42003455000,42003455000,4550,Oakdale ,N/A,1548,96.64082687,1.227390181,0,1.033591731,3.7,5.11627907,74.5,16.94560669,0.775193798,137300,688,-0.271355844,Low Need
4560.01,1400000US42003456001,42003456001,4560.01,South Fayette Twp,N/A,3793,94.72712892,0,2.188241497,1.687318745,1,0.767018217,45.8,11.43092105,0.500922752,246800,809,-0.763102982,Very low Need
4560.03,1400000US42003456003,42003456003,4560.03,South Fayette Twp,N/A,7016,85.03420753,1.083238312,13.35518814,0.498859749,3.4,4.565952649,46.6,7.551240561,0.513112885,254400,1108,-0.724046771,Very low Need
4560.04,1400000US42003456004,42003456004,4560.04,South Fayette Twp,N/A,4694,92.45845761,2.513847465,2.577758841,1.12910098,1.1,3.262786596,55.8,4.35875943,0.447379634,184000,914,-0.742617206,Very low Need
4571,1400000US42003457100,42003457100,4571,Bridgeville,N/A,1473,95.38357094,1.425661914,0,1.56143924,7.5,6.32183908,73.7,11.97339246,0.500974,117200,738,-0.290798164,Low Need
4572,1400000US42003457200,42003457200,4572,Bridgeville,N/A,3593,95.38357094,2.1987,1.1411,0.296,8.2,14.3737,69.5,27.6,0.543109301,142300,745,0.043284,Moderate Need
4580,1400000US42003458000,42003458000,4580,Collier Twp,N/A,8027,94.7801171,0.872056808,2.254889747,0.710103401,1.8,6.471910112,51.9,9.373650108,0.859598854,247400,1415,-0.625526519,Very low Need
4591.01,1400000US42003459101,42003459101,4591.01,Robinson Twp,N/A,1793,86.61461238,7.975460123,0.725041829,0,9.9,13.08411215,66.2,21.25,1.05967652,166900,831,-0.05827331,Moderate Need
4591.02,1400000US42003459102,42003459102,4591.02,Robinson Twp,N/A,5882,93.74362462,3.230193812,2.329139748,0.629037742,2,3.793716657,52.7,14.52480574,0.187011221,215500,1421,-0.599397457,Very low Need
4592.01,1400000US42003459201,42003459201,4592.01,Robinson Twp,N/A,5975,92.53556485,1.138075314,2.711297071,2.962343096,0.8,7.340631037,50.1,7.329842932,0.753138075,185500,1104,-0.684831393,Very low Need
4592.02,1400000US42003459202,42003459202,4592.02,Pennsbury Village,N/A,747,86.345,8.567,0.01338,0,13.1,19.60784,46.3,5.714,0.2677,110100,1074,-0.39625867,Low Need
4600.01,1400000US42003460001,42003460001,4600.01,Kennedy Twp,N/A,4566,97.61279019,0.043802015,1.007446343,0.219010074,0.7,5.16324981,63.9,15.42635659,0.503723171,172000,892,-0.461113633,Low Need
4600.02,1400000US42003460002,42003460002,4600.02,Kennedy Twp,N/A,3539,88.55608929,1.271545634,5.510031082,0.395591975,1.4,2.691511387,64.4,15.49439348,0.904210229,180600,1014,-0.461148949,Low Need
4610,1400000US42003461000,42003461000,4610,Neville Twp,N/A,1035,86.08695652,5.314009662,0.38647343,4.734299517,10.4,19.91701245,78.8,19.8019802,0.77294686,86800,768,0.136341142,Moderate Need
4621,1400000US42003462100,42003462100,4621,Stowe Twp,N/A,2898,69.3236715,22.25672878,0.82815735,0,15.8,13.08539945,82.7,42.03069658,3.450655625,93900,550,0.641270543,High Need
4626,1400000US42003462600,42003462600,4626,Stowe Twp,N/A,3362,70.70196312,21.20761452,0.475907198,0.148720999,22.6,25.91362126,84.2,29.5728368,5.205234979,66400,768,0.826255653,High Need
4639,1400000US42003463900,42003463900,4639,McKeesrocks,N/A,2689,67.46002231,24.17255485,0,4.537002603,10.2,30.48576214,85.6,27.09966405,4.425436965,56300,687,0.630056939,High Need
4643,1400000US42003464300,42003464300,4643,Ingram,N/A,3271,83.0632834,13.20697035,1.712014674,1.559156221,7.1,9.714285714,75.4,14.32456936,0.703148884,105200,815,-0.187229868,Low Need
4644,1400000US42003464400,42003464400,4644,McKeesrocks,N/A,3277,45.37686909,41.44034178,4.058590174,1.922490082,32.5,63.28011611,84.3,21.22538293,9.49038755,37600,607,1.574754481,Extreme Need
4656,1400000US42003465600,42003465600,4656,Crafton,N/A,2590,88.26254826,7.104247104,0,2.50965251,12.7,19.05626134,67.4,21.41148325,0.501930502,123100,734,0.061899037,Moderate Need
4658,1400000US42003465800,42003465800,4658,Crafton,N/A,3249,89.2582333,7.57156048,0.430901816,1.35426285,3.7,10.1965602,70.7,15.04587156,1.108033241,134400,874,-0.252662257,Low Need
4687,1400000US42003468700,42003468700,4687,Carnegie ,N/A,1568,90.05102041,7.270408163,0,1.275510204,9.6,10.36144578,66.7,30.33707865,1.785714286,112400,640,0.081319231,Moderate Need
4688,1400000US42003468800,42003468800,4688,Carnegie ,N/A,2611,82.53542704,10.9919571,0.574492532,1.417081578,19.3,28.5942492,65.4,16.40340219,0.421294523,96300,814,0.200567537,Moderate Need
4689,1400000US42003468900,42003468900,4689,Carnegie ,N/A,3726,79.46859903,12.72141707,1.52979066,2.227589909,17.3,23.92502756,66.2,30.15332198,0.885668277,133500,773,0.351283621,Moderate Need
4690,1400000US42003469000,42003469000,4690,Green Tree ,N/A,4913,89.02910645,2.340728679,6.96112355,0.895583147,7.7,6.349206349,50.6,15.11179645,0.366374924,175600,1562,-0.47419468,Low Need
4703,1400000US42003470300,42003470300,4703,Scott Twp,N/A,3971,86.07403677,3.047091413,4.532863259,1.888693024,6.3,7.80141844,60.2,10.54421769,0.629564341,173800,969,-0.442552044,Low Need
4704,1400000US42003470400,42003470400,4704,Scott Twp,N/A,2916,93.14128944,1.440329218,1.714677641,3.566529492,2.3,3.352601156,59,11.83162685,0.445816187,157000,1545,-0.570019844,Very low Need
4705.01,1400000US42003470501,42003470501,4705.01,Scott Twp,N/A,3688,55.72125813,0.135574837,29.28416486,3.199566161,7.2,12.1516165,35.1,10.43293116,0.21691974,140500,1074,-0.635671301,Very low Need
4705.02,1400000US42003470502,42003470502,4705.02,Scott Twp,N/A,2942,91.50237933,4.384772264,1.563562203,1.835486064,0,9.37866354,46,15.97122302,0.441876275,185600,890,-0.584415984,Very low Need
4706,1400000US42003470600,42003470600,4706,Scott Twp,N/A,3203,95.28566968,1.311270684,0.686856072,0.343428036,11.9,15.55555556,77.7,23.81930185,0.749297534,110500,667,0.151189013,Moderate Need
4710,1400000US42003471000,42003471000,4710,Heidelberg,N/A,1285,93.07392996,0.856031128,3.501945525,0.93385214,1.7,8.813559322,78.9,15.73333333,0.544747082,110200,748,-0.237098844,Low Need
4721,1400000US42003472100,42003472100,4721,Dormont ,N/A,2289,91.21887287,1.834862385,0.480559196,4.193971166,6.6,8.847736626,57.4,19.0821256,0.742682394,130000,759,-0.308380367,Low Need
4722,1400000US42003472200,42003472200,4722,Dormont ,N/A,2326,93.93809114,0.773860705,1.934651763,1.289767842,6,8.974358974,43.5,9.174311927,0.558899398,149400,972,-0.621903112,Very low Need
4723,1400000US42003472300,42003472300,4723,Dormont ,N/A,1992,83.73493976,8.584337349,1.5562249,2.510040161,3.8,10.46770601,49.9,13.77613776,0.552208835,125000,832,-0.498988478,Low Need
4724,1400000US42003472400,42003472400,4724,Dormont ,N/A,1831,95.8492627,1.037684326,1.037684326,0,2.2,15.35433071,54.2,7.335907336,0.873839432,130900,1066,-0.501932066,Low Need
4731,1400000US42003473100,42003473100,4731,Mount Lebanon ,N/A,4964,91.59951652,0.644641418,1.712328767,4.29089444,4.1,9.226932668,30.8,9.729334309,0.362610798,262400,752,-0.775118638,Very low Need
4732,1400000US42003473200,42003473200,4732,Mount Lebanon ,N/A,2913,88.49982836,1.991074494,2.711980776,3.53587367,1.9,6.366047745,34.1,15.0295858,0.171644353,219600,970,-0.741902768,Very low Need
4733,1400000US42003473300,42003473300,4733,Mount Lebanon ,N/A,5355,92.30625584,0.541549953,3.267973856,1.493930906,3.8,5.40166205,32.9,9.174311927,0.410830999,222500,1066,-0.820314006,Very low Need
4734.01,1400000US42003473401,42003473401,4734.01,Mount Lebanon ,N/A,3679,94.23756456,0.570807285,2.96276162,0.625169883,8.4,8.360128617,31.9,9.157509158,0.190269095,315600,802,-0.723671035,Very low Need
4734.02,1400000US42003473402,42003473402,4734.02,Mount Lebanon ,N/A,3441,94.59459459,0.49404243,3.952339436,0.116245278,1.5,3.444676409,27.4,6.820682068,0.232490555,293800,876,-0.985830594,Very low Need
4735,1400000US42003473500,42003473500,4735,Mount Lebanon ,N/A,3703,97.02943559,0.378071834,0.648123143,1.404266811,2.1,2.905342081,20.8,12.56181998,0.351066703,332200,1477,-0.95185683,Very low Need
4736.01,1400000US42003473601,42003473601,4736.01,Mount Lebanon ,N/A,3760,90,2.765957447,4.468085106,1.276595745,2.3,10.85714286,23.1,13.94072448,0.186170213,318800,749,-0.797746224,Very low Need
4736.02,1400000US42003473602,42003473602,4736.02,Mount Lebanon ,N/A,4725,84.91005291,1.777777778,9.798941799,2.391534392,2.2,4.402985075,28.4,17.94439764,0.232804233,214400,1370,-0.772075258,Very low Need
4741.01,1400000US42003474101,42003474101,4741.01,Upper St. Clair Twp,N/A,3644,83.83644347,0.960482986,11.08671789,1.042810099,3.5,5.009633911,35.8,13.59315589,0,256600,-,-0.749067666,Very low Need
4741.02,1400000US42003474102,42003474102,4741.02,Upper St. Clair Twp,N/A,3783,91.56753899,0.237906423,5.339677505,1.506740682,2.6,6.621226874,32.4,13.42134213,0,298800,1554,-0.777283806,Very low Need
4742.01,1400000US42003474201,42003474201,4742.01,Upper St. Clair Twp,N/A,2458,89.62571196,0,7.973962571,2.156224573,1.2,5.240174672,26.8,10.01540832,0,290900,2583,-0.930042472,Very low Need
4742.02,1400000US42003474202,42003474202,4742.02,Upper St. Clair Twp,N/A,5060,90.90909091,0.158102767,6.956521739,0.4743083,1.7,6.563965171,26,10.57304278,0,332100,2000,-0.902096408,Very low Need
4742.03,1400000US42003474203,42003474203,4742.03,Upper St. Clair Twp,N/A,4647,86.12007747,0.043038519,8.457069077,3.077254142,0.5,5.516265912,33.5,12.98299845,0,263900,1904,-0.823138021,Very low Need
4751.01,1400000US42003475101,42003475101,4751.01,Bethel Park,N/A,4742,83.88865458,3.01560523,9.32096162,2.572754112,6.8,7.238394965,57.3,12.51035626,0,158300,991,-0.467551383,Low Need
4751.02,1400000US42003475102,42003475102,4751.02,Bethel Park,N/A,1574,99.68233799,0.190597205,0,0,5.8,5.040322581,55.1,10.99365751,0,186400,871,-0.561280389,Very low Need
4752,1400000US42003475200,42003475200,4752,Bethel Park,N/A,4915,97.98575788,0.22380468,0,0.935910478,5.2,7.202797203,48.7,16.57587549,0,190500,732,-0.514122389,Low Need
4753.01,1400000US42003475301,42003475301,4753.01,Bethel Park,N/A,4772,87.53143336,4.149203688,1.466890193,1.278290025,1.4,15.34988713,68.8,17.87878788,0,147300,936,-0.238996279,Low Need
4753.03,1400000US42003475303,42003475303,4753.03,Bethel Park,N/A,3941,98.29992388,0.253742705,0,1.065719361,4.9,6.053067993,50.2,18.19066148,0,185300,1125,-0.494468726,Low Need
4753.04,1400000US42003475304,42003475304,4753.04,Bethel Park,N/A,5433,90.64973311,0.71783545,4.141358366,0.239278483,1.7,4.441624365,43.1,12.81208936,0,195600,993,-0.726292193,Very low Need
4754.01,1400000US42003475401,42003475401,4754.01,Bethel Park,N/A,3896,96.07289528,1.796714579,0,0,1.4,2.575107296,59.1,14.04805915,0.051334702,183500,769,-0.576497816,Very low Need
4754.02,1400000US42003475402,42003475402,4754.02,Bethel Park,N/A,2912,96.42857143,0,0.240384615,1.167582418,4.1,8,47,18.09290954,0.103021978,200300,983,-0.508554742,Low Need
4761,1400000US42003476100,42003476100,4761,Castle Shannon,N/A,4941,86.4399919,0.708358632,10.54442421,2.28698644,2.4,4.265791632,65.4,13.02521008,0.505970451,130700,783,-0.469928899,Low Need
4762,1400000US42003476200,42003476200,4762,Castle Shannon,N/A,3288,96.95863747,0.334549878,0.851581509,0.304136253,6.3,8.207343413,71.4,7.169459963,0.486618005,117600,1064,-0.386007635,Low Need
4771,1400000US42003477100,42003477100,4771,Whitehall,N/A,3315,93.30316742,0.211161388,3.288084465,0.2413273,1.5,3.088391906,61.3,16.03773585,0.030165913,155700,1005,-0.514653845,Low Need
4772,1400000US42003477200,42003477200,4772,Whitehall,N/A,4038,98.5884101,0.321941555,0,0.668647845,0.9,3.927203065,62.2,12.62349067,0.024764735,156000,1284,-0.558618869,Very low Need
4773,1400000US42003477300,42003477300,4773,Whitehall,N/A,6406,69.54417733,4.839213238,14.06493912,2.74742429,16,4.889178618,69.2,22.08436725,0.015610365,150700,594,-0.079014513,Moderate Need
4781,1400000US42003478100,42003478100,4781,Brentwood,N/A,3979,84.06634833,5.529027394,3.694395577,5.704950993,7.2,11.07723577,68.1,13.03317536,0.728826338,101200,713,-0.258417403,Low Need
4782,1400000US42003478200,42003478200,4782,Brentwood ,N/A,5474,85.22104494,1.954694921,4.822798685,4.092071611,8.1,15.07142857,73.1,18.73035827,0.895140665,97900,762,-0.038350146,Moderate Need
4790,1400000US42003479000,42003479000,4790,Baldwin Township,N/A,2058,93.10009718,0,3.935860058,0,4.1,5.065666041,72.4,18.89250814,0.242954325,128700,1056,-0.27873291,Low Need
4801.01,1400000US42003480101,42003480101,4801.01,Baldwin Borough,N/A,5351,63.40870865,17.60418613,14.76359559,1.700616707,4.3,15.93118923,71.9,12.39263804,0.654083349,137800,777,-0.212166859,Low Need
4801.02,1400000US42003480102,42003480102,4801.02,Baldwin Borough,N/A,3050,91.80327869,4.098360656,3.016393443,1.081967213,4,8.996539792,79.6,27.19486081,0.491803279,129400,967,-0.008361944,Moderate Need
4802,1400000US42003480200,42003480200,4802,Baldwin Borough,N/A,3330,83.51351351,8.228228228,3.153153153,2.522522523,0.9,6.27027027,73.4,18.7308086,0.27027027,141400,790,-0.304886488,Low Need
4803,1400000US42003480300,42003480300,4803,Baldwin Borough,N/A,3462,95.26285384,1.039861352,0.173310225,1.790872328,5,14.16309013,70.2,17.89168279,0.635470826,127600,917,-0.155304538,Low Need
4804,1400000US42003480400,42003480400,4804,Baldwin Borough,N/A,4458,96.90444145,1.054284432,0,1.951547779,4.9,11.03000811,79,16.50485437,0.605652759,129700,679,-0.137627343,Low Need
4810,1400000US42003481000,42003481000,4810,Mount Oliver,N/A,3340,46.58682635,34.7005988,3.473053892,10.20958084,27.1,41.17647059,87.6,33.10412574,6.467065868,57500,761,1.262737517,High Need
4825,1400000US42003482500,42003482500,4825,West Homestead,N/A,1778,82.00224972,12.0359955,0,1.181102362,9.1,13.34745763,70.4,19.01140684,1.799775028,109300,867,-0.028961179,Moderate Need
4838,1400000US42003483800,42003483800,4838,Homestead,N/A,3153,22.89882651,66.44465588,5.42340628,1.680938788,28.1,32.53012048,85.8,40.71246819,10.6565176,49700,700,1.445769912,Extreme Need
4843,1400000US42003484300,42003484300,4843,Munhall,N/A,3148,64.64421855,28.17662008,1.143583227,1.207115629,8.8,25.51928783,75.3,28.12172088,4.351969504,59700,840,0.447491826,Moderate Need
4845,1400000US42003484500,42003484500,4845,Munhall,N/A,5882,96.29377763,1.836110167,0.782046923,1.088065284,7.7,10.0952381,69.8,19.35483871,0.612036722,100800,612,-0.150929804,Low Need
4846,1400000US42003484600,42003484600,4846,Munhall,N/A,2199,77.62619372,13.77899045,0,2.364711232,4.7,15.12770138,72.1,23.38568935,1.81900864,90300,763,0.013155638,Moderate Need
4850,1400000US42003485000,42003485000,4850,Whitaker ,N/A,1135,76.65198238,16.56387665,0,3.259911894,10,25,83.2,22.28412256,2.731277533,64900,794,0.372505796,Moderate Need
4867,1400000US42003486700,42003486700,4867,Duquesne,N/A,2416,27.64900662,52.77317881,0,5.42218543,50.8,50.31746032,89.9,25.51546392,4.677152318,55900,463,1.598406348,Extreme Need
4868,1400000US42003486800,42003486800,4868,Duquesne,N/A,1515,33.86138614,61.32013201,0,0.462046205,21.7,41.19496855,90.4,31.29973475,13.46534653,35100,749,1.484100631,Extreme Need
4869,1400000US42003486900,42003486900,4869,Duquesne,N/A,1613,26.22442653,55.23868568,0,1.363918165,26.3,48.7394958,84.2,56.30498534,5.889646621,34700,924,1.670996847,Extreme Need
4870,1400000US42003487000,42003487000,4870,Dravosburg,N/A,1779,93.47948286,4.890387858,0,0.281056773,11.2,20.65934066,78.3,19.25343811,1.517706577,63700,506,0.179038799,Moderate Need
4881,1400000US42003488100,42003488100,4881,West Mifflin ,N/A,2131,79.72782731,13.60863444,0,2.205537306,7.5,6.941838649,81.8,12.84552846,0.140778977,88100,800,-0.205235599,Low Need
4882,1400000US42003488200,42003488200,4882,West Mifflin ,N/A,3523,79.53448765,15.32784559,0,1.674709055,18.9,24.64146023,76,25.88888889,0.652852682,78800,429,0.405968958,Moderate Need
4883,1400000US42003488300,42003488300,4883,West Mifflin ,N/A,2092,97.75334608,0.047801147,0,1.912045889,7.4,5.946791862,73,12.97989031,0.095602294,123100,938,-0.308340655,Low Need
4884,1400000US42003488400,42003488400,4884,West Mifflin ,N/A,4514,80.99246788,15.6623837,0.354452813,0.243686309,10.3,8.973322555,80.4,23.08845577,0.155073106,82000,567,0.02040983,Moderate Need
4885,1400000US42003488500,42003488500,4885,West Mifflin ,N/A,2833,93.6816096,0.88245676,0,0.9530533,7.1,6.33640553,76.8,14.28571429,0.141193082,112300,625,-0.246868446,Low Need
4886,1400000US42003488600,42003488600,4886,West Mifflin ,N/A,4853,84.66927674,11.4156192,0.206058108,1.48361838,9,5.198555957,76.7,17.24875267,0.123634865,114400,-,-0.186412874,Low Need
4890.01,1400000US42003489001,42003489001,4890.01,Pleasant Hills ,N/A,4477,94.88496761,1.340183158,1.518874246,2.099620281,8.8,5.254901961,60.2,11.50828248,0.312709404,156700,919,-0.436806445,Low Need
4890.02,1400000US42003489002,42003489002,4890.02,Pleasant Hills ,N/A,3707,95.81872134,2.292959266,0.539519827,1.106015646,3.1,4.829545455,51.3,11.85468451,0.59347181,160000,845,-0.6056914,Very low Need
4900.02,1400000US42003490002,42003490002,4900.02,South Park Twp,N/A,4668,85.58269066,2.93487575,5.976863753,2.849185947,2.5,7.583643123,67,13.05070657,0.471293916,145000,959,-0.406321531,Low Need
4900.03,1400000US42003490003,42003490003,4900.03,South Park Twp,N/A,3907,90.19708216,2.866649603,1.254159201,2.866649603,4.7,7.678883072,63.4,13.23648103,0.255950857,177200,995,-0.411659516,Low Need
4900.04,1400000US42003490004,42003490004,4900.04,South Park Twp,N/A,4788,92.83625731,3.50877193,1.211361738,1.691729323,2.7,6.958393113,59.5,8.395245171,0.751879699,166600,988,-0.548962652,Very low Need
4911.01,1400000US42003491101,42003491101,4911.01,Jefferson Hills,N/A,6788,93.44431349,3.299941072,2.725397761,0.206246317,1.6,4.783950617,48.6,11.89846642,0.824985268,267200,1127,-0.646533761,Very low Need
4912,1400000US42003491200,42003491200,4912,Jefferson Hills,N/A,1971,96.2962963,0.35514967,1.471334348,0,0,6.585788562,63.9,15.87030717,1.775748351,149100,952,-0.388776013,Low Need
4927,1400000US42003492700,42003492700,4927,Clairton,N/A,2149,69.61377385,24.38343416,0.977198697,0.232666356,23.7,28.40466926,86.3,33.59621451,2.233597022,38700,888,0.833546224,High Need
4928,1400000US42003492800,42003492800,4928,Clairton,N/A,2322,48.32041344,48.92334195,0,2.497846684,13.4,24.58100559,87.1,43.51395731,7.536606374,48400,797,1.014383753,High Need
4929,1400000US42003492900,42003492900,4929,Clairton,N/A,2169,66.20562471,32.04241586,0,0.968188105,13.7,24.5045045,86.1,36.23188406,5.394190871,44700,831,0.79632046,High Need
4940,1400000US42003494000,42003494000,4940,Elizabeth Borough,N/A,1477,94.65132024,2.098849018,0,1.354096141,11.8,20,83.7,25.84541063,0.812457684,77200,675,0.307821181,Moderate Need
4950,1400000US42003495000,42003495000,4950,Forward TWP,N/A,3321,97.38030714,1.475459199,0,0,5.5,2.964652223,78.2,21.32280355,1.415236375,110000,712,-0.137324579,Low Need
4961.01,1400000US42003496101,42003496101,4961.01,Elizabeth TWP,N/A,3121,98.07753925,0.224287087,0.320410125,0,0,3.785488959,69.6,16.96322657,0.64082025,130200,726,-0.404613499,Low Need
4961.02,1400000US42003496102,42003496102,4961.02,Elizabeth TWP,N/A,4298,95.92833876,2.163797115,0.418799442,0.930665426,6.2,6.485671192,74.7,14.64254953,0.953932061,122900,904,-0.238493898,Low Need
4962,1400000US42003496200,42003496200,4962,Elizabeth TWP,N/A,5715,95.41557305,0.997375328,0.559930009,1.522309711,7.1,6.881587105,74.2,13.93034826,0.752405949,124400,741,-0.243620033,Low Need
4970,1400000US42003497000,42003497000,4970,Lincoln ,N/A,1057,96.21570482,0.946073794,0,2.838221381,3.9,2.280130293,81.8,25.65597668,2.554399243,91900,710,-0.017113719,Moderate Need
4980,1400000US42003498000,42003498000,4980,Liberty,N/A,2488,94.45337621,1.808681672,0.803858521,0.884244373,7.1,15.7223796,82.5,24.30167598,0.562700965,77100,772,0.123013317,Moderate Need
4993,1400000US42003499300,42003499300,4993,Glassport ,N/A,1778,97.35658043,1.237345332,0,1.406074241,12.4,7.337526205,86.7,15.86715867,1.124859393,71200,655,0.020627489,Moderate Need
4994,1400000US42003499400,42003499400,4994,Glassport ,N/A,2613,83.58208955,4.133180253,0.612323,7.309605817,21.2,24.23728814,87.8,28.13238771,1.990049751,53700,611,0.650047931,High Need
5003,1400000US42003500300,42003500300,5003,Port Vue ,N/A,3724,92.29323308,2.040816327,1.745435016,1.906552095,6.4,11.15834219,84.7,9.108159393,0.912996778,70200,692,-0.160136578,Low Need
501,1400000US42003050100,42003050100,501,City of Pittsburgh,Middle Hill,1986,6.747230614,79.95971803,0.906344411,0,52.4,51.09170306,91.8,26.52329749,6.898288016,69700,620,1.768746644,Extreme Need
5010,1400000US42003501000,42003501000,5010,Versailles,N/A,1631,93.25567137,3.862660944,0,1.164929491,9.1,17.28395062,88.9,35.91269841,1.164929491,66500,730,0.454574817,Moderate Need
5030.02,1400000US42003503002,42003503002,5030.02,White Oak,N/A,5903,94.51126546,4.031848213,0.355751313,1.101135016,7.6,10.80921441,75.6,18.11734365,0.592918855,99400,848,-0.105469165,Low Need
5041,1400000US42003504100,42003504100,5041,North Versailles ,N/A,4911,66.99246589,22.86703319,0.36652413,5.884748524,12.3,10.66447908,79.6,35.40740741,0.264711871,74900,734,0.27181156,Moderate Need
506,1400000US42003050600,42003050600,506,City of Pittsburgh,Upper Hill,2036,16.55206287,77.45579568,3.634577603,0.982318271,17.2,26.49164678,61.9,48.71794872,4.469548134,87800,660,0.80050355,High Need
5070,1400000US42003507000,42003507000,5070,East McKeesport ,N/A,2106,86.98955366,3.988603989,0.664767331,0,11.4,7.167832168,84.4,27.44807122,1.234567901,73200,738,0.170175848,Moderate Need
5080,1400000US42003508000,42003508000,5080,Wilmerding ,N/A,1949,59.26115957,26.37249872,0,2.308876347,31.4,46.38888889,89.7,35.64356436,1.847101077,52400,664,1.263776925,High Need
509,1400000US42003050900,42003050900,509,City of Pittsburgh,Bedford Dwellings,1292,0,96.20743034,0,2.941176471,52,62.76923077,96.1,67.13780919,6.965944272,47900,286,2.627071545,Extreme Need
5094,1400000US42003509400,42003509400,5094,Turtle Creek,N/A,5244,68.03966438,24.38977879,0,2.07856598,31,45.42635659,81.7,22.43902439,3.890160183,55200,519,1.04222108,High Need
510,1400000US42003051000,42003051000,510,City of Pittsburgh,Terrace Village ,2143,40.78394774,44.0970602,9.986000933,2.379841344,58.1,30.80808081,75.2,52.24489796,2.659822678,-,658,1.633367376,Extreme Need
5100,1400000US42003510000,42003510000,5100,East Pittsburgh,N/A,1755,26.4957265,70.31339031,0.284900285,1.538461538,21.9,63.44339623,87.8,41.47727273,5.242165242,45400,611,1.577676284,Extreme Need
511,1400000US42003051100,42003051100,511,City of Pittsburgh,Terrace Village ,170,0,100,0,0,33.3,100,90,0,3.529411765,-,481,1.561760493,Extreme Need
5120,1400000US42003512000,42003512000,5120,North Braddock,N/A,2412,64.05472637,25.24875622,0.787728027,0.331674959,18,21.27272727,87.2,28.68117798,3.316749585,48700,525,0.61760477,High Need
5128,1400000US42003512800,42003512800,5128,North Braddock,N/A,1317,25.81624905,62.49050873,0,2.505694761,43.2,46.84385382,91.3,34.26294821,13.8952164,28300,604,1.988406852,Extreme Need
5129,1400000US42003512900,42003512900,5129,North Braddock,N/A,1029,31.87560739,62.77939747,0,4.373177843,20.1,23.43096234,89.6,30.98591549,12.14771623,27300,697,1.134119368,High Need
5138,1400000US42003513800,42003513800,5138,Braddock,N/A,1729,22.61422788,63.73626374,0,3.181029497,27.3,44.76744186,88.4,59.10780669,10.17929439,31100,655,1.907366102,Extreme Need
5140,1400000US42003514000,42003514000,5140,Rankin ,N/A,2100,15.52380952,79.0952381,0,1.666666667,25.7,32.04633205,82.6,37.59124088,9.333333333,45500,525,1.259446903,High Need
5151,1400000US42003515100,42003515100,5151,Swissvale ,N/A,2885,36.152513,61.42114385,0.415944541,1.282495667,14,34.88372093,75.4,25.86002372,5.199306759,78900,789,0.667111761,High Need
5152,1400000US42003515200,42003515200,5152,Swissvale ,N/A,2170,62.71889401,23.87096774,1.474654378,3.133640553,1.3,20.21052632,50.4,14.28571429,2.396313364,83800,874,-0.306087585,Low Need
5153,1400000US42003515300,42003515300,5153,Swissvale ,N/A,1556,52.8277635,40.35989717,0.899742931,0.964010283,8.9,23.7388724,73.4,43.62416107,5.398457584,91400,666,0.700427201,High Need
5154.01,1400000US42003515401,42003515401,5154.01,Swissvale ,N/A,2197,83.20436959,11.19708694,3.914428766,1.183431953,9.2,4.409171076,40.9,24.19753086,1.502048248,150100,903,-0.377602168,Low Need
5161,1400000US42003516100,42003516100,5161,Edgewood,N/A,1423,90.16163036,4.98945889,0.983836964,1.335207309,2,9.217877095,28.2,15.22633745,1.054111033,210000,879,-0.716142087,Very low Need
5162,1400000US42003516200,42003516200,5162,Edgewood,N/A,1647,80.32786885,10.07893139,1.092896175,6.010928962,5.4,8.808290155,38.2,7.677902622,2.671523983,190900,847,-0.617225985,Very low Need
5170,1400000US42003517000,42003517000,5170,Braddock Hills,N/A,1710,62.57309942,30.40935673,0.584795322,3.216374269,15.8,32.16080402,76,33.63028953,2.397660819,90000,311,0.664406779,High Need
5180.01,1400000US42003518001,42003518001,5180.01,Forest Hills,N/A,3074,95.5107352,2.765126871,0.227716331,0.227716331,3.6,11.28451381,32.6,13.62126246,0.683148992,151800,947,-0.659295298,Very low Need
5190,1400000US42003519000,42003519000,5190,Churchhill,N/A,2963,72.59534256,21.36348296,2.902463719,0.809989875,3.8,4.82832618,35.2,13.43705799,1.45123186,173900,1655,-0.691027328,Very low Need
5200.01,1400000US42003520001,42003520001,5200.01,Wilkins Twp,N/A,3227,82.08862721,12.20948249,0.309885342,0.309885342,3.1,7.718894009,62.8,15.89327146,0.712736288,122100,1045,-0.380048633,Low Need
5200.02,1400000US42003520002,42003520002,5200.02,Wilkins Twp,N/A,3020,75.7615894,19.0397351,1.324503311,1.655629139,3.1,1.219512195,61.7,22.51461988,1.324503311,95500,861,-0.349933312,Low Need
5211,1400000US42003521100,42003521100,5211,Monroeville,N/A,4437,69.79941402,22.94343025,1.21703854,2.231237323,3.2,7.60953113,62.3,12.53031528,0.022537751,126400,542,-0.469567548,Low Need
5212,1400000US42003521200,42003521200,5212,Monroeville,N/A,4187,70.07403869,11.94172439,10.91473609,5.564843563,6.5,9.054325956,64.5,23.51233672,0.047766898,112300,1068,-0.19601251,Low Need
5213.01,1400000US42003521301,42003521301,5213.01,Monroeville,N/A,4023,73.97464579,17.39995029,1.242853592,2.535421327,19,16.68571429,63.6,11.02514507,0,169800,952,-0.096726614,Low Need
5213.02,1400000US42003521302,42003521302,5213.02,Monroeville,N/A,4574,75.18583297,12.70223,9.029296021,1.355487538,8.5,19.44216571,63.7,13.64636831,0,112400,961,-0.184488032,Low Need
5214.01,1400000US42003521401,42003521401,5214.01,Monroeville,N/A,2833,83.48040946,5.047652665,6.106600777,3.141546064,2.8,5.256570713,59.1,17.95961743,0,136100,1132,-0.455055377,Low Need
5214.02,1400000US42003521402,42003521402,5214.02,Monroeville,N/A,3767,73.21475976,8.83992567,11.20254845,1.460047783,2,2.027027027,40.5,19.71971972,0,190000,641,-0.670587969,Very low Need
5215,1400000US42003521500,42003521500,5215,Monroeville,N/A,4120,79.44174757,7.621359223,4.854368932,0.72815534,3,2.502234138,58.7,13.1359852,0.048543689,146200,1067,-0.570375509,Very low Need
5220,1400000US42003522000,42003522000,5220,Pitcairn,N/A,3230,65.54179567,20.34055728,3.250773994,7.058823529,19.6,26.62576687,82.2,20.05988024,0.061919505,63700,682,0.387318578,Moderate Need
5231,1400000US42003523100,42003523100,5231,Penn Hills ,N/A,3807,13.26503809,75.99159443,0.341476228,0.577882847,18.7,18.82591093,77.2,27.29026037,6.987128973,74300,855,0.634811938,High Need
5232,1400000US42003523200,42003523200,5232,Penn Hills ,N/A,4287,28.92465594,64.19407511,0.25658969,0.186610683,12,29.90325418,65.3,23.54651163,3.755540005,84400,874,0.362340917,Moderate Need
5233,1400000US42003523300,42003523300,5233,Penn Hills ,N/A,4071,59.49398182,37.18987964,0,1.105379514,4.4,9.81981982,66.7,21.28027682,1.424711373,88400,1107,-0.172208187,Low Need
5234,1400000US42003523400,42003523400,5234,Penn Hills ,N/A,4768,54.48825503,39.40855705,0.356543624,1.866610738,9.3,23.88632873,62.6,28.37055418,2.768456376,86000,734,0.240009039,Moderate Need
5235.01,1400000US42003523501,42003523501,5235.01,Penn Hills ,N/A,4430,46.18510158,46.36568849,1.038374718,2.957110609,1.5,9.069585614,76.5,18.76447876,2.460496614,95900,972,-0.127033796,Low Need
5235.02,1400000US42003523502,42003523502,5235.02,Penn Hills ,N/A,1459,72.9266621,24.33173406,0,0.205620288,6,13.61256545,78.2,27.34375,3.084304318,86200,760,0.192939307,Moderate Need
5236,1400000US42003523600,42003523600,5236,Penn Hills ,N/A,4742,58.39308309,32.74989456,0.168705188,4.976803037,8,15.06849315,64.1,15.27655838,1.202024462,105600,821,-0.171428433,Low Need
5237.01,1400000US42003523701,42003523701,5237.01,Penn Hills ,N/A,4299,78.8555478,12.18888114,0.535008141,0.209351012,7.6,16.19778346,77.4,24.69512195,1.186322401,98000,853,0.121102038,Moderate Need
5237.02,1400000US42003523702,42003523702,5237.02,Penn Hills ,N/A,5413,69.81341216,23.83151672,0.221688528,0.905228154,9.7,10.09982384,73.9,19.22841396,1.422501386,93700,625,-0.04386052,Moderate Need
5238,1400000US42003523800,42003523800,5238,Penn Hills ,N/A,4243,81.54607589,15.39005421,0,0.2356823,2.3,4.482390608,57.3,16.18705036,0.801319821,96900,688,-0.485093896,Low Need
5240,1400000US42003524000,42003524000,5240,Verona,N/A,2736,83.22368421,12.39035088,0,2.046783626,17.5,26.02545969,78.8,18.30601093,0.584795322,79200,670,0.30590124,Moderate Need
5251,1400000US42003525100,42003525100,5251,Oakmont,N/A,1849,89.50784208,1.946998378,3.948080043,1.730665224,1.3,5.219206681,39.9,9.69581749,0.432666306,171400,899,-0.7844698,Very low Need
5252,1400000US42003525200,42003525200,5252,Oakmont,N/A,2370,97.93248945,0.337552743,0,0.421940928,4.4,4.44015444,51.9,20.18779343,0.29535865,194900,830,-0.463437285,Low Need
5253,1400000US42003525300,42003525300,5253,Oakmont,N/A,2231,93.90407889,0.851636038,2.241147468,2.196324518,4.2,5.076142132,48.1,12.88659794,0.313760645,237500,844,-0.611967027,Very low Need
5261.01,1400000US42003526101,42003526101,5261.01,Plum ,N/A,7285,91.59917639,3.555250515,0.452985587,1.660947152,3.4,5.185865076,52.6,19.59654179,0.809883322,182100,785,-0.448800591,Low Need
5261.02,1400000US42003526102,42003526102,5261.02,Plum ,N/A,2038,98.96957802,0,0,0,3.9,9.743589744,69.2,20.75782537,0.490677134,152300,795,-0.206279674,Low Need
5262.01,1400000US42003526201,42003526201,5262.01,Plum ,N/A,3982,90.60773481,2.91310899,0,1.02963335,0.8,2.01511335,66.8,15.33388293,0.251130085,149500,654,-0.488119652,Low Need
5262.02,1400000US42003526202,42003526202,5262.02,Plum ,N/A,4615,87.99566631,7.020585049,0,1.625135428,7.1,5.209097579,74.3,26.31578947,0.801733478,136200,843,-0.065130394,Moderate Need
5263.01,1400000US42003526301,42003526301,5263.01,Plum ,N/A,4195,99.30870083,0,0,0.429082241,4.3,1.523229246,66.1,9.288702929,0.286054827,136900,2117,-0.541009446,Very low Need
5263.02,1400000US42003526302,42003526302,5263.02,Plum ,N/A,5189,92.3877433,3.391790326,0.09635768,1.715166699,2.2,5.236270754,65.4,9.959893048,0.366159183,153000,1068,-0.514827661,Low Need
5509,1400000US42003550900,42003550900,5509,McKeesport,N/A,1668,33.33333333,54.25659472,0,0,24.4,24.19753086,89,33.61884368,8.932853717,29800,673,1.108757015,High Need
5512,1400000US42003551200,42003551200,5512,McKeesport,N/A,3205,58.75195008,32.7301092,2.901716069,2.277691108,28.2,31.49253731,87,28.24536377,7.051482059,57300,451,1.084571996,High Need
5513,1400000US42003551300,42003551300,5513,McKeesport,N/A,2649,85.9192148,10.90977727,0.377500944,0.717251793,13.9,20.62256809,80.9,17.87878788,1.887504719,93100,670,0.242376612,Moderate Need
5519,1400000US42003551900,42003551900,5519,McKeesport,N/A,1538,57.8023407,32.96488947,0,0.910273082,65.6,40.7239819,93.4,66.8997669,6.046814044,32500,364,2.462402773,Extreme Need
5520,1400000US42003552000,42003552000,5520,McKeesport,N/A,2539,43.12721544,44.38755416,0.630169358,5.907837731,22.8,17.75544389,91.6,31.78973717,9.098070106,36600,862,0.994936218,High Need
5521,1400000US42003552100,42003552100,5521,McKeesport,N/A,1661,46.53822998,48.88621312,0,0,64.8,35.2173913,90.5,86.00508906,4.695966285,37600,-,2.58960991,Extreme Need
5522,1400000US42003552200,42003552200,5522,McKeesport,N/A,970,89.89690722,5.051546392,0,3.402061856,33.7,29.53367876,90.1,37.22943723,1.237113402,38000,667,1.063701294,High Need
5523,1400000US42003552300,42003552300,5523,McKeesport,N/A,2019,33.13521545,54.77959386,0,7.082714215,38.8,39.50617284,88.3,48.24561404,14.46260525,31000,859,2.03279649,Extreme Need
5524,1400000US42003552400,42003552400,5524,McKeesport,N/A,3116,79.52503209,17.00898588,0,1.508344031,16,19.44809461,83.8,38.7012987,2.759948652,48100,769,0.661877936,High Need
5604,1400000US42003560400,42003560400,5604,Wilkinsburg,N/A,1653,47.42891712,48.45735027,1.270417423,2.117362371,12.7,28.62318841,55.2,24.8496994,4.355716878,37000,853,0.302571729,Moderate Need
5605,1400000US42003560500,42003560500,5605,Wilkinsburg,N/A,2422,85.26011561,3.385631709,7.473162675,1.816680429,2.2,2.162162162,24.4,10.50884956,1.362510322,204600,1048,-0.913254988,Very low Need
5606,1400000US42003560600,42003560600,5606,Wilkinsburg,N/A,863,28.27346466,67.20741599,2.780996524,0,29.8,15.26717557,73.9,55.18518519,16.91772885,117300,578,1.619187666,Extreme Need
5610,1400000US42003561000,42003561000,5610,Wilkinsburg,N/A,1184,18.49662162,72.71959459,0,0,33,56.22317597,81.4,36.36363636,12.9222973,62300,641,1.848884204,Extreme Need
5611,1400000US42003561100,42003561100,5611,Wilkinsburg,N/A,993,4.934541793,73.41389728,0,1.208459215,40.1,35.64356436,92.4,45.4954955,12.48741188,38800,788,1.908027269,Extreme Need
5612,1400000US42003561200,42003561200,5612,Wilkinsburg,N/A,1357,10.4642594,83.71407517,0,4.86366986,26.3,24.34210526,90.7,44.85488127,8.843036109,57900,787,1.335151794,High Need
5614,1400000US42003561400,42003561400,5614,Wilkinsburg,N/A,4298,23.54583527,71.8008376,0.302466263,2.442996743,4.1,22.33712513,75,17.63907734,5.956258725,104100,760,0.22557932,Moderate Need
5615,1400000US42003561500,42003561500,5615,Wilkinsburg,N/A,2867,28.88036275,62.22532264,2.929891873,0,19.5,18.15181518,64.9,13.57466063,8.440878968,63300,941,0.359751731,Moderate Need
5616,1400000US42003561600,42003561600,5616,City of Pittsburgh,Arlington/Arlington Heights ,2199,63.16507503,30.9686221,0,0.818553888,15.8,30.36437247,90.3,26.20689655,4.456571169,48400,697,0.752808905,High Need
5617,1400000US42003561700,42003561700,5617,City of Pittsburgh,Mt. Oliver-St. Clair,914,48.57768053,22.10065646,0,18.59956236,5.5,25.95744681,85.7,20.83333333,3.719912473,55700,973,0.358513338,Moderate Need
5619,1400000US42003561900,42003561900,5619,City of Pittsburgh,Lincoln-Lemington-Belmar,2541,11.49153876,83.74655647,0,3.345139709,19.6,34.44227006,77.6,63.24324324,9.838646202,56700,797,1.579745685,Extreme Need
5620,1400000US42003562000,42003562000,5620,City of Pittsburgh,North Oakland,2760,52.46376812,12.10144928,28.91304348,3.586956522,16.5,0,27.8,25.68940493,1.231884058,286000,793,-0.44027863,Low Need
5623,1400000US42003562300,42003562300,5623,City of Pittsburgh,Glen Hazel/Hazelwood,3266,38.48744642,57.6240049,0.765462339,3.00061237,45.2,42.35294118,80.9,52.40223464,7.440293938,84500,516,1.859418835,Extreme Need
5624,1400000US42003562400,42003562400,5624,City of Pittsburgh,Beltzhoover/Bon Air ,2535,45.36489152,28.4418146,0,11.99211045,23,17.54916793,80.9,22.12160414,9.033530572,75100,835,0.730582923,High Need
5625,1400000US42003562500,42003562500,5625,City of Pittsburgh,Esplen/Sheraden,2597,32.34501348,55.17905275,1.001155179,3.041971506,26.8,39.27444795,81.4,19.65408805,11.51328456,56000,718,1.176308904,High Need
5626,1400000US42003562600,42003562600,5626,City of Pittsburgh,Elliot/West End ,2610,58.35249042,32.91187739,0,5.172413793,18.3,30.8588064,85.6,18.85143571,3.639846743,60200,842,0.599224106,High Need
5627,1400000US42003562700,42003562700,5627,City of Pittsburgh,Allegheny Center/Allegheny West,2044,61.39921722,22.21135029,3.033268102,2.935420744,7,3.194888179,44.9,18.94736842,1.810176125,261400,945,-0.461516854,Low Need
5628,1400000US42003562800,42003562800,5628,City of Pittsburgh,East Carnegie/Oakwood,1502,89.01464714,4.127829561,0.266311585,4.99334221,20.3,9.066666667,70.8,16.49694501,1.264980027,93400,773,0.031469485,Moderate Need
5629,1400000US42003562900,42003562900,5629,City of Pittsburgh,Hays/Hazelwood,1840,66.57608696,21.73913043,6.52173913,0.380434783,18.5,21.23287671,74.4,28.81679389,4.673913043,78800,860,0.560133509,High Need
5630,1400000US42003563000,42003563000,5630,City of Pittsburgh,Chartiers City/Fairywood/Windgap,3113,61.03437199,34.88596209,0,1.606167684,11.9,17.24550898,67.8,18.66295265,3.340828783,83900,1056,0.108621503,Moderate Need
5631,1400000US42003563100,42003563100,5631,City of Pittsburgh,Ridegemont/Westwood ,3763,74.5681637,8.078660643,10.04517672,3.135795908,8.1,3.246073298,62.1,12.76415892,0.558065373,112400,776,-0.426789412,Low Need
5632,1400000US42003563200,42003563200,5632,City of Pittsburgh,East Allegheny/North Shore,2083,74.4119059,18.24291887,0.7681229,4.176668267,18.7,10.38062284,57.7,26.47657841,5.280844935,199100,845,0.232185557,Moderate Need
5633,1400000US42003563300,42003563300,5633,Sewickley Heights/Sewickley Hills,N/A,1471,88.0353501,2.515295717,7.681849082,0.747790619,1.8,5.747126437,31.7,9.473684211,0.815771584,644500,1031,-0.836995281,Very low Need
5638,1400000US42003563800,42003563800,5638,Aleppo/Ben Avon Heights/Glenfield/Glen Osborne/Haysville/Kilbuck,N/A,3733,92.79399946,1.768015001,0.508974016,2.812751138,2.4,3.444564047,48.1,15.04854369,0.776855076,224100,2517,-0.609089937,Very low Need
5639,1400000US42003563900,42003563900,5639,Chalfant/Forest Hills ,N/A,4062,70.40866568,17.0605613,1.329394387,1.846381093,7.1,15.78440808,53.4,14.62788708,0.86164451,97600,780,-0.307695131,Low Need
5640,1400000US42003564000,42003564000,5640,McDonald/North Fayette ,N/A,6452,95.89274644,0.573465592,1.999380037,0.139491631,4,2.331442974,65.8,6.669888835,0,212100,929,-0.592114572,Very low Need
5641,1400000US42003564100,42003564100,5641,Rosslyn Farms/Thornburg,N/A,890,94.71910112,0.337078652,1.460674157,1.123595506,2.1,2.105263158,26.2,9.87654321,1.348314607,322500,1750,-0.908582596,Very low Need
5642,1400000US42003564200,42003564200,5642,South Versailles Twp/White Oak,N/A,2124,89.87758945,2.63653484,2.165725047,1.082862524,1.4,8.534621578,71.9,12.11604096,1.553672316,114100,806,-0.329015258,Low Need
5644,1400000US42003564400,42003564400,5644,North Versailles/Wall,N/A,5837,87.97327394,7.246873394,0.034264177,3.049511735,5.8,6.136087485,78.6,19.85446985,0.205585061,79800,789,-0.160511555,Low Need
5645,1400000US42003564500,42003564500,5645,Jefferson Hills/West Elizabeth,N/A,2973,97.8472923,0.100908174,0.302724521,1.749075008,6.9,8.03673938,77.5,20.58823529,1.345442314,131100,840,-0.064336377,Moderate Need
603,1400000US42003060300,42003060300,603,City of Pittsburgh,Lower Lawrenceville ,2233,78.68338558,14.95745634,2.10479176,3.403493059,10.9,14.76683938,40.4,16.1849711,1.030004478,231300,1036,-0.357368696,Low Need
605,1400000US42003060500,42003060500,605,City of Pittsburgh,Polish Hill,1337,89.30441286,5.534779357,0,0.897531788,6.4,4.240282686,50.7,10.10638298,1.645474944,150900,679,-0.548118606,Very low Need
703,1400000US42003070300,42003070300,703,City of Pittsburgh,Shadyside,2162,83.02497687,2.497687327,8.371877891,3.700277521,0,8.620689655,24.7,27.07275804,0.555041628,538200,1242,-0.623484615,Very low Need
705,1400000US42003070500,42003070500,705,City of Pittsburgh,Shadyside,3119,71.33696698,1.731324142,21.25681308,3.077909586,10.8,2.158273381,6.8,22.87037037,0.512984931,318600,1190,-0.787834958,Very low Need
706,1400000US42003070600,42003070600,706,City of Pittsburgh,Shadyside,1999,76.13806903,6.203101551,12.60630315,3.101550775,0,0,10.6,12.26708075,0.350175088,252800,1149,-1.13339988,Very low Need
708,1400000US42003070800,42003070800,708,City of Pittsburgh,Shadyside,2378,71.23633305,1.429772918,20.68965517,4.205214466,10,3.426791277,19.3,12.80991736,0.462573591,348800,1615,-0.822437556,Very low Need
709,1400000US42003070900,42003070900,709,City of Pittsburgh,Shadyside,4247,56.1572875,8.829762185,29.52672475,1.930774664,8.7,2.218114603,20.4,17.21611722,0.777019072,315300,1092,-0.765007916,Very low Need
802,1400000US42003080200,42003080200,802,City of Pittsburgh,Bloomfield,1645,93.13069909,1.519756839,1.155015198,4.194528875,13.1,11.30742049,60,13.48637016,0.911854103,123700,864,-0.224697782,Low Need
804,1400000US42003080400,42003080400,804,City of Pittsburgh,Bloomfield,1576,71.63705584,6.345177665,18.33756345,1.840101523,17.6,3.921568627,37.6,17.94871795,1.078680203,179300,895,-0.400452599,Low Need
806,1400000US42003080600,42003080600,806,City of Pittsburgh,Bloomfield,2136,83.56741573,4.026217228,2.668539326,7.584269663,1.8,8.20668693,31.4,20.63291139,0.79588015,285500,869,-0.626469261,Very low Need
807,1400000US42003080700,42003080700,807,City of Pittsburgh,Friendship,1783,65.84408301,9.478407179,16.71340437,5.38418396,17.1,14.74654378,22.8,28.62254025,0.616937745,275400,974,-0.250523884,Low Need
809,1400000US42003080900,42003080900,809,City of Pittsburgh,Bloomfield,1872,81.25,7.104700855,6.677350427,3.792735043,2.6,4.029304029,27.9,6.112852665,1.86965812,223200,906,-0.893635606,Very low Need
901,1400000US42003090100,42003090100,901,City of Pittsburgh,Central Lawrenceville,1830,94.48087432,0.710382514,2.349726776,2.459016393,9.9,0.849858357,40.1,15.19795658,0.655737705,247400,1163,-0.606991469,Very low Need
902,1400000US42003090200,42003090200,902,City of Pittsburgh,Central Lawrenceville,2830,89.85865724,3.144876325,2.96819788,1.766784452,5.4,10.30042918,50.6,12.47357294,0.918727915,224100,909,-0.473204488,Low Need
903,1400000US42003090300,42003090300,903,City of Pittsburgh,Bloomfield,1804,85.4767184,10.14412417,1.274944568,2.161862528,5.3,11.76470588,58,17.02432046,1.053215078,120800,874,-0.301311552,Low Need
9822,1400000US42003982200,42003982200,9822,City of Pittsburgh,North Oakland,4619,81.74929638,5.390777225,8.248538645,1.385581295,0,0,32,0,0.108248539,-,-,-1.128557722,Very low Need
